startNode,endNode,relationship,time,amount,from,to
ACC:1,T:519,MAKES,2022-04-08,4360.98,ACC:1,T:519
startNode,endNode,relationship,time,amount,from,to
ACC:2,T:127,MAKES,2022-08-15,2080.77,ACC:2,T:127
startNode,endNode,relationship,time,amount,from,to
ACC:3,T:123,MAKES,2023-02-23,1108.56,ACC:3,T:123
startNode,endNode,relationship,time,amount,from,to
ACC:4,T:386,MAKES,2022-08-21,3393.18,ACC:4,T:386
startNode,endNode,relationship,time,amount,from,to
ACC:5,T:490,MAKES,2022-09-13,3656.93,ACC:5,T:490
startNode,endNode,relationship,time,amount,from,to
ACC:6,T:169,MAKES,2022-03-28,1195.96,ACC:6,T:169
startNode,endNode,relationship,time,amount,from,to
ACC:7,T:98,MAKES,2023-01-22,3377.85,ACC:7,T:98
startNode,endNode,relationship,time,amount,from,to
ACC:8,T:459,MAKES,2023-03-12,1941.72,ACC:8,T:459
startNode,endNode,relationship,time,amount,from,to
ACC:9,T:9,MAKES,2023-11-08,3413.12,ACC:9,T:9
startNode,endNode,relationship,time,amount,from,to
ACC:10,T:91,MAKES,2022-12-21,2785.64,ACC:10,T:91
startNode,endNode,relationship,time,amount,from,to
ACC:11,T:183,MAKES,2023-01-02,4562.23,ACC:11,T:183
startNode,endNode,relationship,time,amount,from,to
ACC:12,T:380,MAKES,2023-03-21,2671.47,ACC:12,T:380
startNode,endNode,relationship,time,amount,from,to
ACC:13,T:81,MAKES,2022-06-02,500.31,ACC:13,T:81
startNode,endNode,relationship,time,amount,from,to
ACC:14,T:597,MAKES,2023-08-24,4346.62,ACC:14,T:597
startNode,endNode,relationship,time,amount,from,to
ACC:15,T:492,MAKES,2023-09-05,4008.14,ACC:15,T:492
startNode,endNode,relationship,time,amount,from,to
ACC:16,T:29,MAKES,2022-01-13,4012.17,ACC:16,T:29
startNode,endNode,relationship,time,amount,from,to
ACC:17,T:9,MAKES,2022-08-26,3413.12,ACC:17,T:9
startNode,endNode,relationship,time,amount,from,to
ACC:18,T:459,MAKES,2023-10-22,1941.72,ACC:18,T:459
startNode,endNode,relationship,time,amount,from,to
ACC:19,T:4,MAKES,2023-08-23,2557.86,ACC:19,T:4
startNode,endNode,relationship,time,amount,from,to
ACC:20,T:375,MAKES,2023-11-23,409.07,ACC:20,T:375
startNode,endNode,relationship,time,amount,from,to
ACC:21,T:498,MAKES,2023-08-04,1429.55,ACC:21,T:498
startNode,endNode,relationship,time,amount,from,to
ACC:22,T:324,MAKES,2022-02-02,3805.16,ACC:22,T:324
startNode,endNode,relationship,time,amount,from,to
ACC:23,T:562,MAKES,2023-09-10,123.37,ACC:23,T:562
startNode,endNode,relationship,time,amount,from,to
ACC:24,T:73,MAKES,2022-06-03,2764.77,ACC:24,T:73
startNode,endNode,relationship,time,amount,from,to
ACC:25,T:54,MAKES,2023-07-16,2467.42,ACC:25,T:54
startNode,endNode,relationship,time,amount,from,to
ACC:26,T:194,MAKES,2022-02-15,2649.71,ACC:26,T:194
startNode,endNode,relationship,time,amount,from,to
ACC:27,T:363,MAKES,2023-02-22,4700.29,ACC:27,T:363
startNode,endNode,relationship,time,amount,from,to
ACC:28,T:188,MAKES,2023-10-19,3440.53,ACC:28,T:188
startNode,endNode,relationship,time,amount,from,to
ACC:29,T:159,MAKES,2023-07-25,194.15,ACC:29,T:159
startNode,endNode,relationship,time,amount,from,to
ACC:30,T:510,MAKES,2022-05-02,3247.75,ACC:30,T:510
startNode,endNode,relationship,time,amount,from,to
ACC:31,T:71,MAKES,2023-09-02,4112.72,ACC:31,T:71
startNode,endNode,relationship,time,amount,from,to
ACC:32,T:585,MAKES,2022-09-04,1371.04,ACC:32,T:585
startNode,endNode,relationship,time,amount,from,to
ACC:33,T:93,MAKES,2022-01-19,943.82,ACC:33,T:93
startNode,endNode,relationship,time,amount,from,to
ACC:34,T:208,MAKES,2023-03-16,1214.23,ACC:34,T:208
startNode,endNode,relationship,time,amount,from,to
ACC:35,T:392,MAKES,2022-06-30,3347.26,ACC:35,T:392
startNode,endNode,relationship,time,amount,from,to
ACC:36,T:409,MAKES,2022-12-25,2035.4,ACC:36,T:409
startNode,endNode,relationship,time,amount,from,to
ACC:37,T:228,MAKES,2022-10-08,915.74,ACC:37,T:228
startNode,endNode,relationship,time,amount,from,to
ACC:38,T:15,MAKES,2022-02-13,2222.21,ACC:38,T:15
startNode,endNode,relationship,time,amount,from,to
ACC:39,T:258,MAKES,2023-02-20,2290.75,ACC:39,T:258
startNode,endNode,relationship,time,amount,from,to
ACC:40,T:75,MAKES,2023-04-07,788.83,ACC:40,T:75
startNode,endNode,relationship,time,amount,from,to
ACC:41,T:35,MAKES,2022-03-10,1818.22,ACC:41,T:35
startNode,endNode,relationship,time,amount,from,to
ACC:42,T:227,MAKES,2022-04-22,2146.5,ACC:42,T:227
startNode,endNode,relationship,time,amount,from,to
ACC:43,T:51,MAKES,2022-06-01,4705.98,ACC:43,T:51
startNode,endNode,relationship,time,amount,from,to
ACC:44,T:554,MAKES,2023-11-08,1730.59,ACC:44,T:554
startNode,endNode,relationship,time,amount,from,to
ACC:45,T:65,MAKES,2023-05-17,3771.27,ACC:45,T:65
startNode,endNode,relationship,time,amount,from,to
ACC:46,T:190,MAKES,2023-02-18,1916.32,ACC:46,T:190
startNode,endNode,relationship,time,amount,from,to
ACC:47,T:136,MAKES,2022-03-19,1801.72,ACC:47,T:136
startNode,endNode,relationship,time,amount,from,to
ACC:48,T:553,MAKES,2023-09-04,596.31,ACC:48,T:553
startNode,endNode,relationship,time,amount,from,to
ACC:49,T:136,MAKES,2023-05-10,1801.72,ACC:49,T:136
startNode,endNode,relationship,time,amount,from,to
ACC:50,T:138,MAKES,2023-01-26,3263.99,ACC:50,T:138
startNode,endNode,relationship,time,amount,from,to
ACC:51,T:457,MAKES,2023-05-13,4885.84,ACC:51,T:457
startNode,endNode,relationship,time,amount,from,to
ACC:52,T:309,MAKES,2022-02-03,4456.18,ACC:52,T:309
startNode,endNode,relationship,time,amount,from,to
ACC:53,T:416,MAKES,2023-08-01,2385.52,ACC:53,T:416
startNode,endNode,relationship,time,amount,from,to
ACC:54,T:193,MAKES,2023-08-27,2195.06,ACC:54,T:193
startNode,endNode,relationship,time,amount,from,to
ACC:55,T:214,MAKES,2022-01-14,1794.33,ACC:55,T:214
startNode,endNode,relationship,time,amount,from,to
ACC:56,T:144,MAKES,2022-11-03,3231.96,ACC:56,T:144
startNode,endNode,relationship,time,amount,from,to
ACC:57,T:234,MAKES,2022-09-13,2132.74,ACC:57,T:234
startNode,endNode,relationship,time,amount,from,to
ACC:58,T:3,MAKES,2022-07-27,3721.61,ACC:58,T:3
startNode,endNode,relationship,time,amount,from,to
ACC:59,T:326,MAKES,2022-08-02,1615.93,ACC:59,T:326
startNode,endNode,relationship,time,amount,from,to
ACC:60,T:436,MAKES,2023-11-26,807.6,ACC:60,T:436
startNode,endNode,relationship,time,amount,from,to
ACC:61,T:421,MAKES,2023-04-10,3751.26,ACC:61,T:421
startNode,endNode,relationship,time,amount,from,to
ACC:62,T:518,MAKES,2023-02-14,4255.3,ACC:62,T:518
startNode,endNode,relationship,time,amount,from,to
ACC:63,T:42,MAKES,2023-04-15,1378.64,ACC:63,T:42
startNode,endNode,relationship,time,amount,from,to
ACC:64,T:79,MAKES,2023-11-27,599.75,ACC:64,T:79
startNode,endNode,relationship,time,amount,from,to
ACC:65,T:48,MAKES,2023-05-30,2169.77,ACC:65,T:48
startNode,endNode,relationship,time,amount,from,to
ACC:66,T:174,MAKES,2023-04-19,3814.93,ACC:66,T:174
startNode,endNode,relationship,time,amount,from,to
ACC:67,T:595,MAKES,2023-11-06,769.57,ACC:67,T:595
startNode,endNode,relationship,time,amount,from,to
ACC:68,T:249,MAKES,2022-08-18,1042.79,ACC:68,T:249
startNode,endNode,relationship,time,amount,from,to
ACC:69,T:558,MAKES,2022-02-14,4240.34,ACC:69,T:558
startNode,endNode,relationship,time,amount,from,to
ACC:70,T:466,MAKES,2022-04-21,1902.82,ACC:70,T:466
startNode,endNode,relationship,time,amount,from,to
ACC:71,T:358,MAKES,2022-07-19,3192.45,ACC:71,T:358
startNode,endNode,relationship,time,amount,from,to
ACC:72,T:233,MAKES,2022-12-26,2823.3,ACC:72,T:233
startNode,endNode,relationship,time,amount,from,to
ACC:73,T:299,MAKES,2022-09-21,1394.75,ACC:73,T:299
startNode,endNode,relationship,time,amount,from,to
ACC:74,T:129,MAKES,2022-03-17,2374.32,ACC:74,T:129
startNode,endNode,relationship,time,amount,from,to
ACC:75,T:458,MAKES,2022-04-08,1477.11,ACC:75,T:458
startNode,endNode,relationship,time,amount,from,to
ACC:76,T:359,MAKES,2022-12-24,1038.04,ACC:76,T:359
startNode,endNode,relationship,time,amount,from,to
ACC:77,T:549,MAKES,2022-11-13,3871.62,ACC:77,T:549
startNode,endNode,relationship,time,amount,from,to
ACC:78,T:419,MAKES,2023-05-14,44.33,ACC:78,T:419
startNode,endNode,relationship,time,amount,from,to
ACC:79,T:312,MAKES,2022-01-31,2861.95,ACC:79,T:312
startNode,endNode,relationship,time,amount,from,to
ACC:80,T:582,MAKES,2022-01-18,2703.13,ACC:80,T:582
startNode,endNode,relationship,time,amount,from,to
ACC:81,T:555,MAKES,2023-02-14,4099.35,ACC:81,T:555
startNode,endNode,relationship,time,amount,from,to
ACC:82,T:504,MAKES,2023-03-11,2197.58,ACC:82,T:504
startNode,endNode,relationship,time,amount,from,to
ACC:83,T:211,MAKES,2023-09-22,460.33,ACC:83,T:211
startNode,endNode,relationship,time,amount,from,to
ACC:84,T:367,MAKES,2023-10-31,1769.47,ACC:84,T:367
startNode,endNode,relationship,time,amount,from,to
ACC:85,T:149,MAKES,2022-08-29,2913.44,ACC:85,T:149
startNode,endNode,relationship,time,amount,from,to
ACC:86,T:82,MAKES,2022-04-02,1673.46,ACC:86,T:82
startNode,endNode,relationship,time,amount,from,to
ACC:87,T:581,MAKES,2023-03-23,603.92,ACC:87,T:581
startNode,endNode,relationship,time,amount,from,to
ACC:88,T:547,MAKES,2022-04-26,4462.51,ACC:88,T:547
startNode,endNode,relationship,time,amount,from,to
ACC:89,T:372,MAKES,2022-06-17,3224.73,ACC:89,T:372
startNode,endNode,relationship,time,amount,from,to
ACC:90,T:557,MAKES,2022-12-22,3900.44,ACC:90,T:557
startNode,endNode,relationship,time,amount,from,to
ACC:91,T:307,MAKES,2023-12-09,2951.77,ACC:91,T:307
startNode,endNode,relationship,time,amount,from,to
ACC:92,T:373,MAKES,2023-05-08,1868.75,ACC:92,T:373
startNode,endNode,relationship,time,amount,from,to
ACC:93,T:391,MAKES,2022-06-13,3255.45,ACC:93,T:391
startNode,endNode,relationship,time,amount,from,to
ACC:94,T:394,MAKES,2023-12-06,941.17,ACC:94,T:394
startNode,endNode,relationship,time,amount,from,to
ACC:95,T:462,MAKES,2022-06-14,1960.04,ACC:95,T:462
startNode,endNode,relationship,time,amount,from,to
ACC:96,T:105,MAKES,2022-01-19,887.82,ACC:96,T:105
startNode,endNode,relationship,time,amount,from,to
ACC:97,T:456,MAKES,2022-10-13,1946.73,ACC:97,T:456
startNode,endNode,relationship,time,amount,from,to
ACC:98,T:114,MAKES,2023-10-26,3933.87,ACC:98,T:114
startNode,endNode,relationship,time,amount,from,to
ACC:99,T:67,MAKES,2023-08-19,227.03,ACC:99,T:67
startNode,endNode,relationship,time,amount,from,to
ACC:100,T:34,MAKES,2022-03-09,4268.7,ACC:100,T:34
startNode,endNode,relationship,time,amount,from,to
ACC:101,T:293,MAKES,2023-05-04,4859.49,ACC:101,T:293
startNode,endNode,relationship,time,amount,from,to
ACC:102,T:249,MAKES,2023-10-24,1042.79,ACC:102,T:249
startNode,endNode,relationship,time,amount,from,to
ACC:103,T:119,MAKES,2023-01-07,3760.18,ACC:103,T:119
startNode,endNode,relationship,time,amount,from,to
ACC:104,T:554,MAKES,2022-07-06,1730.59,ACC:104,T:554
startNode,endNode,relationship,time,amount,from,to
ACC:105,T:127,MAKES,2023-12-12,2080.77,ACC:105,T:127
startNode,endNode,relationship,time,amount,from,to
ACC:106,T:268,MAKES,2022-08-21,4386.41,ACC:106,T:268
startNode,endNode,relationship,time,amount,from,to
ACC:107,T:290,MAKES,2022-04-13,4447.18,ACC:107,T:290
startNode,endNode,relationship,time,amount,from,to
ACC:108,T:464,MAKES,2022-11-24,503.7,ACC:108,T:464
startNode,endNode,relationship,time,amount,from,to
ACC:109,T:334,MAKES,2023-05-24,4115.82,ACC:109,T:334
startNode,endNode,relationship,time,amount,from,to
ACC:110,T:273,MAKES,2022-05-26,4418.38,ACC:110,T:273
startNode,endNode,relationship,time,amount,from,to
ACC:111,T:380,MAKES,2023-08-23,2671.47,ACC:111,T:380
startNode,endNode,relationship,time,amount,from,to
ACC:112,T:553,MAKES,2022-11-03,596.31,ACC:112,T:553
startNode,endNode,relationship,time,amount,from,to
ACC:113,T:390,MAKES,2022-10-17,3991.16,ACC:113,T:390
startNode,endNode,relationship,time,amount,from,to
ACC:114,T:509,MAKES,2022-01-14,3120.04,ACC:114,T:509
startNode,endNode,relationship,time,amount,from,to
ACC:115,T:1,MAKES,2023-08-24,2142.71,ACC:115,T:1
startNode,endNode,relationship,time,amount,from,to
ACC:116,T:471,MAKES,2023-12-04,1639.34,ACC:116,T:471
startNode,endNode,relationship,time,amount,from,to
ACC:117,T:306,MAKES,2022-01-04,1464.95,ACC:117,T:306
startNode,endNode,relationship,time,amount,from,to
ACC:118,T:89,MAKES,2022-08-22,2870.43,ACC:118,T:89
startNode,endNode,relationship,time,amount,from,to
ACC:119,T:275,MAKES,2023-03-04,3781.62,ACC:119,T:275
startNode,endNode,relationship,time,amount,from,to
ACC:120,T:545,MAKES,2023-07-29,275.36,ACC:120,T:545
startNode,endNode,relationship,time,amount,from,to
ACC:121,T:203,MAKES,2023-08-02,1845.59,ACC:121,T:203
startNode,endNode,relationship,time,amount,from,to
ACC:122,T:99,MAKES,2022-11-14,4979.52,ACC:122,T:99
startNode,endNode,relationship,time,amount,from,to
ACC:123,T:515,MAKES,2023-08-06,1830.79,ACC:123,T:515
startNode,endNode,relationship,time,amount,from,to
ACC:124,T:520,MAKES,2023-08-19,4018.79,ACC:124,T:520
startNode,endNode,relationship,time,amount,from,to
ACC:125,T:324,MAKES,2023-09-13,3805.16,ACC:125,T:324
startNode,endNode,relationship,time,amount,from,to
ACC:126,T:105,MAKES,2023-09-26,887.82,ACC:126,T:105
startNode,endNode,relationship,time,amount,from,to
ACC:127,T:338,MAKES,2023-04-15,810.18,ACC:127,T:338
startNode,endNode,relationship,time,amount,from,to
ACC:128,T:596,MAKES,2022-04-11,3546.52,ACC:128,T:596
startNode,endNode,relationship,time,amount,from,to
ACC:129,T:435,MAKES,2022-03-26,3648.31,ACC:129,T:435
startNode,endNode,relationship,time,amount,from,to
ACC:130,T:108,MAKES,2023-09-24,621.69,ACC:130,T:108
startNode,endNode,relationship,time,amount,from,to
ACC:131,T:558,MAKES,2023-01-29,4240.34,ACC:131,T:558
startNode,endNode,relationship,time,amount,from,to
ACC:132,T:472,MAKES,2023-02-22,3337.17,ACC:132,T:472
startNode,endNode,relationship,time,amount,from,to
ACC:133,T:507,MAKES,2022-09-26,1810.15,ACC:133,T:507
startNode,endNode,relationship,time,amount,from,to
ACC:134,T:60,MAKES,2022-10-17,4588.62,ACC:134,T:60
startNode,endNode,relationship,time,amount,from,to
ACC:135,T:478,MAKES,2023-09-26,2233.46,ACC:135,T:478
startNode,endNode,relationship,time,amount,from,to
ACC:136,T:144,MAKES,2022-12-10,3231.96,ACC:136,T:144
startNode,endNode,relationship,time,amount,from,to
ACC:137,T:448,MAKES,2022-12-24,935.66,ACC:137,T:448
startNode,endNode,relationship,time,amount,from,to
ACC:138,T:103,MAKES,2023-08-03,1782.99,ACC:138,T:103
startNode,endNode,relationship,time,amount,from,to
ACC:139,T:141,MAKES,2023-09-21,4164.14,ACC:139,T:141
startNode,endNode,relationship,time,amount,from,to
ACC:140,T:198,MAKES,2022-11-16,4759.48,ACC:140,T:198
startNode,endNode,relationship,time,amount,from,to
ACC:141,T:411,MAKES,2022-01-19,4296.75,ACC:141,T:411
startNode,endNode,relationship,time,amount,from,to
ACC:142,T:154,MAKES,2023-06-13,1409.97,ACC:142,T:154
startNode,endNode,relationship,time,amount,from,to
ACC:143,T:467,MAKES,2023-12-25,3961.42,ACC:143,T:467
startNode,endNode,relationship,time,amount,from,to
ACC:144,T:562,MAKES,2022-08-26,123.37,ACC:144,T:562
startNode,endNode,relationship,time,amount,from,to
ACC:145,T:532,MAKES,2022-08-01,1581.96,ACC:145,T:532
startNode,endNode,relationship,time,amount,from,to
ACC:146,T:523,MAKES,2023-06-18,201.19,ACC:146,T:523
startNode,endNode,relationship,time,amount,from,to
ACC:147,T:323,MAKES,2023-08-05,2489.32,ACC:147,T:323
startNode,endNode,relationship,time,amount,from,to
ACC:148,T:281,MAKES,2023-09-21,3688.42,ACC:148,T:281
startNode,endNode,relationship,time,amount,from,to
ACC:149,T:21,MAKES,2023-03-11,1400.64,ACC:149,T:21
startNode,endNode,relationship,time,amount,from,to
ACC:150,T:586,MAKES,2022-12-18,4807.26,ACC:150,T:586
startNode,endNode,relationship,time,amount,from,to
ACC:151,T:329,MAKES,2023-02-05,1566.66,ACC:151,T:329
startNode,endNode,relationship,time,amount,from,to
ACC:152,T:50,MAKES,2023-11-01,240.09,ACC:152,T:50
startNode,endNode,relationship,time,amount,from,to
ACC:153,T:508,MAKES,2023-07-25,4094.3,ACC:153,T:508
startNode,endNode,relationship,time,amount,from,to
ACC:154,T:270,MAKES,2022-07-22,4721.59,ACC:154,T:270
startNode,endNode,relationship,time,amount,from,to
ACC:155,T:324,MAKES,2022-10-03,3805.16,ACC:155,T:324
startNode,endNode,relationship,time,amount,from,to
ACC:156,T:587,MAKES,2023-12-18,352.76,ACC:156,T:587
startNode,endNode,relationship,time,amount,from,to
ACC:157,T:425,MAKES,2023-06-22,875.82,ACC:157,T:425
startNode,endNode,relationship,time,amount,from,to
ACC:158,T:336,MAKES,2023-03-31,408.61,ACC:158,T:336
startNode,endNode,relationship,time,amount,from,to
ACC:159,T:428,MAKES,2023-01-24,1190.41,ACC:159,T:428
startNode,endNode,relationship,time,amount,from,to
ACC:160,T:485,MAKES,2022-09-20,4900.35,ACC:160,T:485
startNode,endNode,relationship,time,amount,from,to
ACC:161,T:275,MAKES,2023-10-29,3781.62,ACC:161,T:275
startNode,endNode,relationship,time,amount,from,to
ACC:162,T:151,MAKES,2023-04-27,1688.99,ACC:162,T:151
startNode,endNode,relationship,time,amount,from,to
ACC:163,T:548,MAKES,2023-03-13,4195.65,ACC:163,T:548
startNode,endNode,relationship,time,amount,from,to
ACC:164,T:65,MAKES,2022-04-28,3771.27,ACC:164,T:65
startNode,endNode,relationship,time,amount,from,to
ACC:165,T:77,MAKES,2023-08-12,2188.75,ACC:165,T:77
startNode,endNode,relationship,time,amount,from,to
ACC:166,T:525,MAKES,2022-12-28,4968.15,ACC:166,T:525
startNode,endNode,relationship,time,amount,from,to
ACC:167,T:152,MAKES,2023-04-10,2005.47,ACC:167,T:152
startNode,endNode,relationship,time,amount,from,to
ACC:168,T:354,MAKES,2023-11-05,2319.37,ACC:168,T:354
startNode,endNode,relationship,time,amount,from,to
ACC:169,T:283,MAKES,2023-12-09,2651.65,ACC:169,T:283
startNode,endNode,relationship,time,amount,from,to
ACC:170,T:230,MAKES,2022-01-24,3364.22,ACC:170,T:230
startNode,endNode,relationship,time,amount,from,to
ACC:171,T:107,MAKES,2022-04-03,3373.42,ACC:171,T:107
startNode,endNode,relationship,time,amount,from,to
ACC:172,T:163,MAKES,2023-10-25,147.2,ACC:172,T:163
startNode,endNode,relationship,time,amount,from,to
ACC:173,T:426,MAKES,2023-08-03,2724.27,ACC:173,T:426
startNode,endNode,relationship,time,amount,from,to
ACC:174,T:97,MAKES,2022-03-07,3948.44,ACC:174,T:97
startNode,endNode,relationship,time,amount,from,to
ACC:175,T:103,MAKES,2023-12-03,1782.99,ACC:175,T:103
startNode,endNode,relationship,time,amount,from,to
ACC:176,T:61,MAKES,2023-05-04,4015.5,ACC:176,T:61
startNode,endNode,relationship,time,amount,from,to
ACC:177,T:400,MAKES,2023-08-05,2912.69,ACC:177,T:400
startNode,endNode,relationship,time,amount,from,to
ACC:178,T:446,MAKES,2023-05-18,1834.47,ACC:178,T:446
startNode,endNode,relationship,time,amount,from,to
ACC:179,T:448,MAKES,2022-02-19,935.66,ACC:179,T:448
startNode,endNode,relationship,time,amount,from,to
ACC:180,T:479,MAKES,2022-07-16,4839.24,ACC:180,T:479
startNode,endNode,relationship,time,amount,from,to
ACC:181,T:559,MAKES,2023-07-22,3058.14,ACC:181,T:559
startNode,endNode,relationship,time,amount,from,to
ACC:182,T:170,MAKES,2023-04-26,4519.3,ACC:182,T:170
startNode,endNode,relationship,time,amount,from,to
ACC:183,T:360,MAKES,2023-12-23,2286.09,ACC:183,T:360
startNode,endNode,relationship,time,amount,from,to
ACC:184,T:399,MAKES,2023-06-27,4896.61,ACC:184,T:399
startNode,endNode,relationship,time,amount,from,to
ACC:185,T:410,MAKES,2022-07-05,4346.07,ACC:185,T:410
startNode,endNode,relationship,time,amount,from,to
ACC:186,T:20,MAKES,2023-03-10,985.44,ACC:186,T:20
startNode,endNode,relationship,time,amount,from,to
ACC:187,T:139,MAKES,2023-09-30,2348.19,ACC:187,T:139
startNode,endNode,relationship,time,amount,from,to
ACC:188,T:499,MAKES,2023-12-29,198.49,ACC:188,T:499
startNode,endNode,relationship,time,amount,from,to
ACC:189,T:471,MAKES,2023-04-06,1639.34,ACC:189,T:471
startNode,endNode,relationship,time,amount,from,to
ACC:190,T:525,MAKES,2023-09-07,4968.15,ACC:190,T:525
startNode,endNode,relationship,time,amount,from,to
ACC:191,T:86,MAKES,2022-06-30,3416.24,ACC:191,T:86
startNode,endNode,relationship,time,amount,from,to
ACC:192,T:278,MAKES,2023-05-25,2958.63,ACC:192,T:278
startNode,endNode,relationship,time,amount,from,to
ACC:193,T:109,MAKES,2022-08-21,1456.13,ACC:193,T:109
startNode,endNode,relationship,time,amount,from,to
ACC:194,T:503,MAKES,2022-07-09,4240.46,ACC:194,T:503
startNode,endNode,relationship,time,amount,from,to
ACC:195,T:2,MAKES,2023-11-05,3342.9,ACC:195,T:2
startNode,endNode,relationship,time,amount,from,to
ACC:196,T:346,MAKES,2023-02-15,4003.8,ACC:196,T:346
startNode,endNode,relationship,time,amount,from,to
ACC:197,T:569,MAKES,2023-02-11,3951.32,ACC:197,T:569
startNode,endNode,relationship,time,amount,from,to
ACC:198,T:566,MAKES,2023-10-20,2383.92,ACC:198,T:566
startNode,endNode,relationship,time,amount,from,to
ACC:199,T:404,MAKES,2023-01-03,3111.65,ACC:199,T:404
startNode,endNode,relationship,time,amount,from,to
ACC:200,T:91,MAKES,2023-07-15,2785.64,ACC:200,T:91
startNode,endNode,relationship,time,amount,from,to
ACC:201,T:359,MAKES,2022-08-16,1038.04,ACC:201,T:359
startNode,endNode,relationship,time,amount,from,to
ACC:202,T:144,MAKES,2022-09-15,3231.96,ACC:202,T:144
startNode,endNode,relationship,time,amount,from,to
ACC:203,T:188,MAKES,2023-06-08,3440.53,ACC:203,T:188
startNode,endNode,relationship,time,amount,from,to
ACC:204,T:143,MAKES,2023-01-10,3390.32,ACC:204,T:143
startNode,endNode,relationship,time,amount,from,to
ACC:205,T:132,MAKES,2022-09-30,4484.56,ACC:205,T:132
startNode,endNode,relationship,time,amount,from,to
ACC:206,T:4,MAKES,2022-03-28,2557.86,ACC:206,T:4
startNode,endNode,relationship,time,amount,from,to
ACC:207,T:552,MAKES,2022-02-12,3196.15,ACC:207,T:552
startNode,endNode,relationship,time,amount,from,to
ACC:208,T:297,MAKES,2023-07-17,4638.03,ACC:208,T:297
startNode,endNode,relationship,time,amount,from,to
ACC:209,T:20,MAKES,2022-04-09,985.44,ACC:209,T:20
startNode,endNode,relationship,time,amount,from,to
ACC:210,T:472,MAKES,2023-07-10,3337.17,ACC:210,T:472
startNode,endNode,relationship,time,amount,from,to
ACC:211,T:478,MAKES,2023-05-16,2233.46,ACC:211,T:478
startNode,endNode,relationship,time,amount,from,to
ACC:212,T:243,MAKES,2022-01-03,2070.97,ACC:212,T:243
startNode,endNode,relationship,time,amount,from,to
ACC:213,T:109,MAKES,2023-10-23,1456.13,ACC:213,T:109
startNode,endNode,relationship,time,amount,from,to
ACC:214,T:362,MAKES,2022-01-14,552.69,ACC:214,T:362
startNode,endNode,relationship,time,amount,from,to
ACC:215,T:328,MAKES,2023-11-15,1864.61,ACC:215,T:328
startNode,endNode,relationship,time,amount,from,to
ACC:216,T:520,MAKES,2023-05-08,4018.79,ACC:216,T:520
startNode,endNode,relationship,time,amount,from,to
ACC:217,T:420,MAKES,2022-07-08,1314.02,ACC:217,T:420
startNode,endNode,relationship,time,amount,from,to
ACC:218,T:14,MAKES,2023-06-16,1136.82,ACC:218,T:14
startNode,endNode,relationship,time,amount,from,to
ACC:219,T:545,MAKES,2023-09-03,275.36,ACC:219,T:545
startNode,endNode,relationship,time,amount,from,to
ACC:220,T:464,MAKES,2022-09-12,503.7,ACC:220,T:464
startNode,endNode,relationship,time,amount,from,to
ACC:221,T:77,MAKES,2023-12-02,2188.75,ACC:221,T:77
startNode,endNode,relationship,time,amount,from,to
ACC:222,T:64,MAKES,2023-07-19,4753.5,ACC:222,T:64
startNode,endNode,relationship,time,amount,from,to
ACC:223,T:390,MAKES,2023-12-28,3991.16,ACC:223,T:390
startNode,endNode,relationship,time,amount,from,to
ACC:224,T:356,MAKES,2023-11-14,4148.38,ACC:224,T:356
startNode,endNode,relationship,time,amount,from,to
ACC:225,T:259,MAKES,2023-12-03,3449.82,ACC:225,T:259
startNode,endNode,relationship,time,amount,from,to
ACC:226,T:300,MAKES,2022-08-13,3881.07,ACC:226,T:300
startNode,endNode,relationship,time,amount,from,to
ACC:227,T:340,MAKES,2022-06-12,2729.53,ACC:227,T:340
startNode,endNode,relationship,time,amount,from,to
ACC:228,T:292,MAKES,2023-05-06,51.7,ACC:228,T:292
startNode,endNode,relationship,time,amount,from,to
ACC:229,T:96,MAKES,2022-11-15,2666.8,ACC:229,T:96
startNode,endNode,relationship,time,amount,from,to
ACC:230,T:461,MAKES,2023-04-11,4385.15,ACC:230,T:461
startNode,endNode,relationship,time,amount,from,to
ACC:231,T:458,MAKES,2022-12-30,1477.11,ACC:231,T:458
startNode,endNode,relationship,time,amount,from,to
ACC:232,T:226,MAKES,2023-10-05,4595.15,ACC:232,T:226
startNode,endNode,relationship,time,amount,from,to
ACC:233,T:537,MAKES,2022-12-18,4153.96,ACC:233,T:537
startNode,endNode,relationship,time,amount,from,to
ACC:234,T:267,MAKES,2022-01-09,4387.64,ACC:234,T:267
startNode,endNode,relationship,time,amount,from,to
ACC:235,T:528,MAKES,2022-06-14,208.36,ACC:235,T:528
startNode,endNode,relationship,time,amount,from,to
ACC:236,T:443,MAKES,2023-12-12,2418.26,ACC:236,T:443
startNode,endNode,relationship,time,amount,from,to
ACC:237,T:6,MAKES,2022-10-17,885.89,ACC:237,T:6
startNode,endNode,relationship,time,amount,from,to
ACC:238,T:482,MAKES,2023-04-30,2189.57,ACC:238,T:482
startNode,endNode,relationship,time,amount,from,to
ACC:239,T:391,MAKES,2023-10-10,3255.45,ACC:239,T:391
startNode,endNode,relationship,time,amount,from,to
ACC:240,T:435,MAKES,2023-10-09,3648.31,ACC:240,T:435
startNode,endNode,relationship,time,amount,from,to
ACC:241,T:439,MAKES,2023-07-18,1346.67,ACC:241,T:439
startNode,endNode,relationship,time,amount,from,to
ACC:242,T:63,MAKES,2022-05-09,1965.23,ACC:242,T:63
startNode,endNode,relationship,time,amount,from,to
ACC:243,T:144,MAKES,2022-05-28,3231.96,ACC:243,T:144
startNode,endNode,relationship,time,amount,from,to
ACC:244,T:264,MAKES,2023-12-27,4071.47,ACC:244,T:264
startNode,endNode,relationship,time,amount,from,to
ACC:245,T:472,MAKES,2023-09-04,3337.17,ACC:245,T:472
startNode,endNode,relationship,time,amount,from,to
ACC:246,T:296,MAKES,2022-11-17,2159.63,ACC:246,T:296
startNode,endNode,relationship,time,amount,from,to
ACC:247,T:547,MAKES,2022-12-11,4462.51,ACC:247,T:547
startNode,endNode,relationship,time,amount,from,to
ACC:248,T:349,MAKES,2022-10-16,716.55,ACC:248,T:349
startNode,endNode,relationship,time,amount,from,to
ACC:249,T:507,MAKES,2023-01-09,1810.15,ACC:249,T:507
startNode,endNode,relationship,time,amount,from,to
ACC:250,T:579,MAKES,2022-10-29,4021.66,ACC:250,T:579
startNode,endNode,relationship,time,amount,from,to
ACC:251,T:471,MAKES,2023-09-28,1639.34,ACC:251,T:471
startNode,endNode,relationship,time,amount,from,to
ACC:252,T:331,MAKES,2023-04-10,550.05,ACC:252,T:331
startNode,endNode,relationship,time,amount,from,to
ACC:253,T:389,MAKES,2023-02-22,3212.86,ACC:253,T:389
startNode,endNode,relationship,time,amount,from,to
ACC:254,T:596,MAKES,2023-07-11,3546.52,ACC:254,T:596
startNode,endNode,relationship,time,amount,from,to
ACC:255,T:478,MAKES,2022-03-30,2233.46,ACC:255,T:478
startNode,endNode,relationship,time,amount,from,to
ACC:256,T:174,MAKES,2022-03-09,3814.93,ACC:256,T:174
startNode,endNode,relationship,time,amount,from,to
ACC:257,T:479,MAKES,2022-09-12,4839.24,ACC:257,T:479
startNode,endNode,relationship,time,amount,from,to
ACC:258,T:541,MAKES,2022-11-20,2278.0,ACC:258,T:541
startNode,endNode,relationship,time,amount,from,to
ACC:259,T:295,MAKES,2023-01-25,3342.81,ACC:259,T:295
startNode,endNode,relationship,time,amount,from,to
ACC:260,T:357,MAKES,2022-07-23,1569.35,ACC:260,T:357
startNode,endNode,relationship,time,amount,from,to
ACC:261,T:435,MAKES,2022-12-12,3648.31,ACC:261,T:435
startNode,endNode,relationship,time,amount,from,to
ACC:262,T:520,MAKES,2022-05-31,4018.79,ACC:262,T:520
startNode,endNode,relationship,time,amount,from,to
ACC:263,T:178,MAKES,2022-06-18,4284.58,ACC:263,T:178
startNode,endNode,relationship,time,amount,from,to
ACC:264,T:523,MAKES,2022-03-16,201.19,ACC:264,T:523
startNode,endNode,relationship,time,amount,from,to
ACC:265,T:276,MAKES,2022-03-06,1879.01,ACC:265,T:276
startNode,endNode,relationship,time,amount,from,to
ACC:266,T:445,MAKES,2023-12-23,4000.31,ACC:266,T:445
startNode,endNode,relationship,time,amount,from,to
ACC:267,T:101,MAKES,2023-03-10,3297.32,ACC:267,T:101
startNode,endNode,relationship,time,amount,from,to
ACC:268,T:400,MAKES,2022-12-15,2912.69,ACC:268,T:400
startNode,endNode,relationship,time,amount,from,to
ACC:269,T:416,MAKES,2022-06-03,2385.52,ACC:269,T:416
startNode,endNode,relationship,time,amount,from,to
ACC:270,T:435,MAKES,2022-12-31,3648.31,ACC:270,T:435
startNode,endNode,relationship,time,amount,from,to
ACC:271,T:65,MAKES,2022-09-16,3771.27,ACC:271,T:65
startNode,endNode,relationship,time,amount,from,to
ACC:272,T:219,MAKES,2023-12-13,1474.17,ACC:272,T:219
startNode,endNode,relationship,time,amount,from,to
ACC:273,T:450,MAKES,2023-11-17,1500.66,ACC:273,T:450
startNode,endNode,relationship,time,amount,from,to
ACC:274,T:8,MAKES,2022-10-21,1576.97,ACC:274,T:8
startNode,endNode,relationship,time,amount,from,to
ACC:275,T:284,MAKES,2022-09-15,3134.9,ACC:275,T:284
startNode,endNode,relationship,time,amount,from,to
ACC:276,T:386,MAKES,2022-10-09,3393.18,ACC:276,T:386
startNode,endNode,relationship,time,amount,from,to
ACC:277,T:149,MAKES,2023-09-23,2913.44,ACC:277,T:149
startNode,endNode,relationship,time,amount,from,to
ACC:278,T:351,MAKES,2023-05-25,1975.52,ACC:278,T:351
startNode,endNode,relationship,time,amount,from,to
ACC:279,T:277,MAKES,2022-01-28,1394.37,ACC:279,T:277
startNode,endNode,relationship,time,amount,from,to
ACC:280,T:42,MAKES,2023-06-25,1378.64,ACC:280,T:42
startNode,endNode,relationship,time,amount,from,to
ACC:281,T:504,MAKES,2023-08-16,2197.58,ACC:281,T:504
startNode,endNode,relationship,time,amount,from,to
ACC:282,T:36,MAKES,2023-12-24,535.9,ACC:282,T:36
startNode,endNode,relationship,time,amount,from,to
ACC:283,T:591,MAKES,2022-09-10,4027.52,ACC:283,T:591
startNode,endNode,relationship,time,amount,from,to
ACC:284,T:582,MAKES,2023-12-01,2703.13,ACC:284,T:582
startNode,endNode,relationship,time,amount,from,to
ACC:285,T:312,MAKES,2022-12-23,2861.95,ACC:285,T:312
startNode,endNode,relationship,time,amount,from,to
ACC:286,T:163,MAKES,2023-04-21,147.2,ACC:286,T:163
startNode,endNode,relationship,time,amount,from,to
ACC:287,T:388,MAKES,2023-01-02,3802.7,ACC:287,T:388
startNode,endNode,relationship,time,amount,from,to
ACC:288,T:56,MAKES,2022-11-02,3459.23,ACC:288,T:56
startNode,endNode,relationship,time,amount,from,to
ACC:289,T:182,MAKES,2023-01-25,2209.73,ACC:289,T:182
startNode,endNode,relationship,time,amount,from,to
ACC:290,T:67,MAKES,2022-03-26,227.03,ACC:290,T:67
startNode,endNode,relationship,time,amount,from,to
ACC:291,T:229,MAKES,2023-02-17,3788.37,ACC:291,T:229
startNode,endNode,relationship,time,amount,from,to
ACC:292,T:304,MAKES,2023-05-02,2613.22,ACC:292,T:304
startNode,endNode,relationship,time,amount,from,to
ACC:293,T:474,MAKES,2022-05-01,4359.0,ACC:293,T:474
startNode,endNode,relationship,time,amount,from,to
ACC:294,T:11,MAKES,2023-06-17,3470.67,ACC:294,T:11
startNode,endNode,relationship,time,amount,from,to
ACC:295,T:55,MAKES,2023-05-31,4375.41,ACC:295,T:55
startNode,endNode,relationship,time,amount,from,to
ACC:296,T:122,MAKES,2022-05-31,2350.51,ACC:296,T:122
startNode,endNode,relationship,time,amount,from,to
ACC:297,T:187,MAKES,2023-01-24,3500.2,ACC:297,T:187
startNode,endNode,relationship,time,amount,from,to
ACC:298,T:599,MAKES,2023-05-31,4315.04,ACC:298,T:599
startNode,endNode,relationship,time,amount,from,to
ACC:299,T:244,MAKES,2022-01-05,3774.26,ACC:299,T:244
startNode,endNode,relationship,time,amount,from,to
ACC:300,T:569,MAKES,2023-05-10,3951.32,ACC:300,T:569
startNode,endNode,relationship,time,amount,from,to
ACC:301,T:369,MAKES,2022-04-14,3395.63,ACC:301,T:369
startNode,endNode,relationship,time,amount,from,to
ACC:302,T:597,MAKES,2022-05-15,4346.62,ACC:302,T:597
startNode,endNode,relationship,time,amount,from,to
ACC:303,T:154,MAKES,2022-11-20,1409.97,ACC:303,T:154
startNode,endNode,relationship,time,amount,from,to
ACC:304,T:491,MAKES,2022-11-17,1470.14,ACC:304,T:491
startNode,endNode,relationship,time,amount,from,to
ACC:305,T:389,MAKES,2022-10-02,3212.86,ACC:305,T:389
startNode,endNode,relationship,time,amount,from,to
ACC:306,T:110,MAKES,2023-06-16,1663.41,ACC:306,T:110
startNode,endNode,relationship,time,amount,from,to
ACC:307,T:375,MAKES,2023-08-15,409.07,ACC:307,T:375
startNode,endNode,relationship,time,amount,from,to
ACC:308,T:314,MAKES,2023-05-12,2497.21,ACC:308,T:314
startNode,endNode,relationship,time,amount,from,to
ACC:309,T:232,MAKES,2022-01-13,3952.1,ACC:309,T:232
startNode,endNode,relationship,time,amount,from,to
ACC:310,T:290,MAKES,2023-06-20,4447.18,ACC:310,T:290
startNode,endNode,relationship,time,amount,from,to
ACC:311,T:136,MAKES,2022-04-09,1801.72,ACC:311,T:136
startNode,endNode,relationship,time,amount,from,to
ACC:312,T:44,MAKES,2022-05-25,3953.4,ACC:312,T:44
startNode,endNode,relationship,time,amount,from,to
ACC:313,T:129,MAKES,2022-02-11,2374.32,ACC:313,T:129
startNode,endNode,relationship,time,amount,from,to
ACC:314,T:273,MAKES,2023-05-10,4418.38,ACC:314,T:273
startNode,endNode,relationship,time,amount,from,to
ACC:315,T:495,MAKES,2023-06-09,4330.56,ACC:315,T:495
startNode,endNode,relationship,time,amount,from,to
ACC:316,T:454,MAKES,2022-06-25,4983.06,ACC:316,T:454
startNode,endNode,relationship,time,amount,from,to
ACC:317,T:192,MAKES,2022-04-13,4066.0,ACC:317,T:192
startNode,endNode,relationship,time,amount,from,to
ACC:318,T:150,MAKES,2022-05-18,4348.16,ACC:318,T:150
startNode,endNode,relationship,time,amount,from,to
ACC:319,T:529,MAKES,2022-10-16,2699.33,ACC:319,T:529
startNode,endNode,relationship,time,amount,from,to
ACC:320,T:112,MAKES,2022-05-05,1410.88,ACC:320,T:112
startNode,endNode,relationship,time,amount,from,to
ACC:321,T:309,MAKES,2023-01-16,4456.18,ACC:321,T:309
startNode,endNode,relationship,time,amount,from,to
ACC:322,T:216,MAKES,2022-11-10,1675.59,ACC:322,T:216
startNode,endNode,relationship,time,amount,from,to
ACC:323,T:36,MAKES,2023-07-24,535.9,ACC:323,T:36
startNode,endNode,relationship,time,amount,from,to
ACC:324,T:404,MAKES,2022-04-03,3111.65,ACC:324,T:404
startNode,endNode,relationship,time,amount,from,to
ACC:325,T:157,MAKES,2023-10-25,302.46,ACC:325,T:157
startNode,endNode,relationship,time,amount,from,to
ACC:326,T:120,MAKES,2023-10-12,813.39,ACC:326,T:120
startNode,endNode,relationship,time,amount,from,to
ACC:327,T:362,MAKES,2023-08-25,552.69,ACC:327,T:362
startNode,endNode,relationship,time,amount,from,to
ACC:328,T:577,MAKES,2022-01-31,4562.59,ACC:328,T:577
startNode,endNode,relationship,time,amount,from,to
ACC:329,T:179,MAKES,2022-05-23,2971.7,ACC:329,T:179
startNode,endNode,relationship,time,amount,from,to
ACC:330,T:291,MAKES,2023-02-03,1181.3,ACC:330,T:291
startNode,endNode,relationship,time,amount,from,to
ACC:331,T:413,MAKES,2023-01-15,12.35,ACC:331,T:413
startNode,endNode,relationship,time,amount,from,to
ACC:332,T:389,MAKES,2023-10-29,3212.86,ACC:332,T:389
startNode,endNode,relationship,time,amount,from,to
ACC:333,T:413,MAKES,2023-02-02,12.35,ACC:333,T:413
startNode,endNode,relationship,time,amount,from,to
ACC:334,T:566,MAKES,2022-12-21,2383.92,ACC:334,T:566
startNode,endNode,relationship,time,amount,from,to
ACC:335,T:512,MAKES,2023-09-27,4170.54,ACC:335,T:512
startNode,endNode,relationship,time,amount,from,to
ACC:336,T:170,MAKES,2022-01-07,4519.3,ACC:336,T:170
startNode,endNode,relationship,time,amount,from,to
ACC:337,T:526,MAKES,2023-02-22,1617.77,ACC:337,T:526
startNode,endNode,relationship,time,amount,from,to
ACC:338,T:518,MAKES,2022-01-10,4255.3,ACC:338,T:518
startNode,endNode,relationship,time,amount,from,to
ACC:339,T:270,MAKES,2023-02-28,4721.59,ACC:339,T:270
startNode,endNode,relationship,time,amount,from,to
ACC:340,T:469,MAKES,2023-05-17,2632.6,ACC:340,T:469
startNode,endNode,relationship,time,amount,from,to
ACC:341,T:201,MAKES,2022-08-24,2000.98,ACC:341,T:201
startNode,endNode,relationship,time,amount,from,to
ACC:342,T:538,MAKES,2023-02-22,2935.21,ACC:342,T:538
startNode,endNode,relationship,time,amount,from,to
ACC:343,T:125,MAKES,2022-04-20,1243.34,ACC:343,T:125
startNode,endNode,relationship,time,amount,from,to
ACC:344,T:225,MAKES,2022-09-30,4103.13,ACC:344,T:225
startNode,endNode,relationship,time,amount,from,to
ACC:345,T:286,MAKES,2023-08-20,1792.04,ACC:345,T:286
startNode,endNode,relationship,time,amount,from,to
ACC:346,T:159,MAKES,2022-01-25,194.15,ACC:346,T:159
startNode,endNode,relationship,time,amount,from,to
ACC:347,T:530,MAKES,2022-10-29,549.2,ACC:347,T:530
startNode,endNode,relationship,time,amount,from,to
ACC:348,T:585,MAKES,2022-01-14,1371.04,ACC:348,T:585
startNode,endNode,relationship,time,amount,from,to
ACC:349,T:275,MAKES,2022-05-12,3781.62,ACC:349,T:275
startNode,endNode,relationship,time,amount,from,to
ACC:350,T:227,MAKES,2023-05-01,2146.5,ACC:350,T:227
startNode,endNode,relationship,time,amount,from,to
ACC:351,T:206,MAKES,2022-10-15,1832.23,ACC:351,T:206
startNode,endNode,relationship,time,amount,from,to
ACC:352,T:160,MAKES,2022-02-23,1868.05,ACC:352,T:160
startNode,endNode,relationship,time,amount,from,to
ACC:353,T:235,MAKES,2023-10-01,1761.49,ACC:353,T:235
startNode,endNode,relationship,time,amount,from,to
ACC:354,T:363,MAKES,2022-04-19,4700.29,ACC:354,T:363
startNode,endNode,relationship,time,amount,from,to
ACC:355,T:156,MAKES,2023-01-25,3100.86,ACC:355,T:156
startNode,endNode,relationship,time,amount,from,to
ACC:356,T:531,MAKES,2023-07-28,1999.79,ACC:356,T:531
startNode,endNode,relationship,time,amount,from,to
ACC:357,T:142,MAKES,2023-01-02,1707.0,ACC:357,T:142
startNode,endNode,relationship,time,amount,from,to
ACC:358,T:391,MAKES,2022-08-10,3255.45,ACC:358,T:391
startNode,endNode,relationship,time,amount,from,to
ACC:359,T:422,MAKES,2023-02-24,474.94,ACC:359,T:422
startNode,endNode,relationship,time,amount,from,to
ACC:360,T:404,MAKES,2023-10-14,3111.65,ACC:360,T:404
startNode,endNode,relationship,time,amount,from,to
ACC:361,T:391,MAKES,2022-08-12,3255.45,ACC:361,T:391
startNode,endNode,relationship,time,amount,from,to
ACC:362,T:552,MAKES,2023-04-01,3196.15,ACC:362,T:552
startNode,endNode,relationship,time,amount,from,to
ACC:363,T:349,MAKES,2023-01-08,716.55,ACC:363,T:349
startNode,endNode,relationship,time,amount,from,to
ACC:364,T:257,MAKES,2023-04-02,2845.89,ACC:364,T:257
startNode,endNode,relationship,time,amount,from,to
ACC:365,T:430,MAKES,2023-04-23,1274.96,ACC:365,T:430
startNode,endNode,relationship,time,amount,from,to
ACC:366,T:183,MAKES,2022-06-25,4562.23,ACC:366,T:183
startNode,endNode,relationship,time,amount,from,to
ACC:367,T:357,MAKES,2022-03-28,1569.35,ACC:367,T:357
startNode,endNode,relationship,time,amount,from,to
ACC:368,T:528,MAKES,2022-02-12,208.36,ACC:368,T:528
startNode,endNode,relationship,time,amount,from,to
ACC:369,T:455,MAKES,2023-08-11,3811.97,ACC:369,T:455
startNode,endNode,relationship,time,amount,from,to
ACC:370,T:201,MAKES,2022-04-26,2000.98,ACC:370,T:201
startNode,endNode,relationship,time,amount,from,to
ACC:371,T:328,MAKES,2023-06-12,1864.61,ACC:371,T:328
startNode,endNode,relationship,time,amount,from,to
ACC:372,T:498,MAKES,2023-08-10,1429.55,ACC:372,T:498
startNode,endNode,relationship,time,amount,from,to
ACC:373,T:98,MAKES,2023-04-08,3377.85,ACC:373,T:98
startNode,endNode,relationship,time,amount,from,to
ACC:374,T:130,MAKES,2023-07-03,816.79,ACC:374,T:130
startNode,endNode,relationship,time,amount,from,to
ACC:375,T:351,MAKES,2022-11-17,1975.52,ACC:375,T:351
startNode,endNode,relationship,time,amount,from,to
ACC:376,T:262,MAKES,2023-04-21,494.68,ACC:376,T:262
startNode,endNode,relationship,time,amount,from,to
ACC:377,T:479,MAKES,2022-06-13,4839.24,ACC:377,T:479
startNode,endNode,relationship,time,amount,from,to
ACC:378,T:496,MAKES,2023-05-31,1495.15,ACC:378,T:496
startNode,endNode,relationship,time,amount,from,to
ACC:379,T:542,MAKES,2023-02-07,2249.0,ACC:379,T:542
startNode,endNode,relationship,time,amount,from,to
ACC:380,T:525,MAKES,2023-05-22,4968.15,ACC:380,T:525
startNode,endNode,relationship,time,amount,from,to
ACC:381,T:153,MAKES,2022-10-30,1713.46,ACC:381,T:153
startNode,endNode,relationship,time,amount,from,to
ACC:382,T:494,MAKES,2022-05-25,1945.22,ACC:382,T:494
startNode,endNode,relationship,time,amount,from,to
ACC:383,T:514,MAKES,2023-07-07,1464.91,ACC:383,T:514
startNode,endNode,relationship,time,amount,from,to
ACC:384,T:328,MAKES,2023-12-07,1864.61,ACC:384,T:328
startNode,endNode,relationship,time,amount,from,to
ACC:385,T:265,MAKES,2022-03-07,760.66,ACC:385,T:265
startNode,endNode,relationship,time,amount,from,to
ACC:386,T:526,MAKES,2023-04-20,1617.77,ACC:386,T:526
startNode,endNode,relationship,time,amount,from,to
ACC:387,T:210,MAKES,2023-10-19,2150.68,ACC:387,T:210
startNode,endNode,relationship,time,amount,from,to
ACC:388,T:376,MAKES,2023-07-15,2385.36,ACC:388,T:376
startNode,endNode,relationship,time,amount,from,to
ACC:389,T:161,MAKES,2023-07-09,2739.23,ACC:389,T:161
startNode,endNode,relationship,time,amount,from,to
ACC:390,T:8,MAKES,2023-11-17,1576.97,ACC:390,T:8
startNode,endNode,relationship,time,amount,from,to
ACC:391,T:276,MAKES,2022-01-02,1879.01,ACC:391,T:276
startNode,endNode,relationship,time,amount,from,to
ACC:392,T:53,MAKES,2022-10-24,1904.35,ACC:392,T:53
startNode,endNode,relationship,time,amount,from,to
ACC:393,T:195,MAKES,2022-11-14,1548.05,ACC:393,T:195
startNode,endNode,relationship,time,amount,from,to
ACC:394,T:289,MAKES,2023-10-28,4424.76,ACC:394,T:289
startNode,endNode,relationship,time,amount,from,to
ACC:395,T:373,MAKES,2022-09-10,1868.75,ACC:395,T:373
startNode,endNode,relationship,time,amount,from,to
ACC:396,T:18,MAKES,2023-01-31,17.8,ACC:396,T:18
startNode,endNode,relationship,time,amount,from,to
ACC:397,T:379,MAKES,2023-05-12,1623.52,ACC:397,T:379
startNode,endNode,relationship,time,amount,from,to
ACC:398,T:334,MAKES,2022-10-24,4115.82,ACC:398,T:334
startNode,endNode,relationship,time,amount,from,to
ACC:399,T:113,MAKES,2023-11-25,708.47,ACC:399,T:113
startNode,endNode,relationship,time,amount,from,to
ACC:400,T:529,MAKES,2022-10-06,2699.33,ACC:400,T:529
startNode,endNode,relationship,time,amount,from,to
ACC:401,T:459,MAKES,2023-10-26,1941.72,ACC:401,T:459
startNode,endNode,relationship,time,amount,from,to
ACC:402,T:556,MAKES,2023-04-22,4316.44,ACC:402,T:556
startNode,endNode,relationship,time,amount,from,to
ACC:403,T:355,MAKES,2023-07-08,2916.75,ACC:403,T:355
startNode,endNode,relationship,time,amount,from,to
ACC:404,T:56,MAKES,2022-08-18,3459.23,ACC:404,T:56
startNode,endNode,relationship,time,amount,from,to
ACC:405,T:550,MAKES,2022-03-10,3032.43,ACC:405,T:550
startNode,endNode,relationship,time,amount,from,to
ACC:406,T:426,MAKES,2022-03-13,2724.27,ACC:406,T:426
startNode,endNode,relationship,time,amount,from,to
ACC:407,T:573,MAKES,2023-07-10,4930.84,ACC:407,T:573
startNode,endNode,relationship,time,amount,from,to
ACC:408,T:327,MAKES,2022-12-23,3816.74,ACC:408,T:327
startNode,endNode,relationship,time,amount,from,to
ACC:409,T:560,MAKES,2022-07-26,3385.82,ACC:409,T:560
startNode,endNode,relationship,time,amount,from,to
ACC:410,T:428,MAKES,2023-08-03,1190.41,ACC:410,T:428
startNode,endNode,relationship,time,amount,from,to
ACC:411,T:217,MAKES,2022-08-06,3139.89,ACC:411,T:217
startNode,endNode,relationship,time,amount,from,to
ACC:412,T:345,MAKES,2022-01-25,4079.53,ACC:412,T:345
startNode,endNode,relationship,time,amount,from,to
ACC:413,T:31,MAKES,2023-09-07,331.23,ACC:413,T:31
startNode,endNode,relationship,time,amount,from,to
ACC:414,T:49,MAKES,2023-06-12,4202.32,ACC:414,T:49
startNode,endNode,relationship,time,amount,from,to
ACC:415,T:272,MAKES,2023-05-08,2637.72,ACC:415,T:272
startNode,endNode,relationship,time,amount,from,to
ACC:416,T:304,MAKES,2022-05-16,2613.22,ACC:416,T:304
startNode,endNode,relationship,time,amount,from,to
ACC:417,T:513,MAKES,2023-02-07,3697.88,ACC:417,T:513
startNode,endNode,relationship,time,amount,from,to
ACC:418,T:226,MAKES,2022-11-17,4595.15,ACC:418,T:226
startNode,endNode,relationship,time,amount,from,to
ACC:419,T:94,MAKES,2022-01-29,4351.81,ACC:419,T:94
startNode,endNode,relationship,time,amount,from,to
ACC:420,T:234,MAKES,2022-11-18,2132.74,ACC:420,T:234
startNode,endNode,relationship,time,amount,from,to
ACC:421,T:212,MAKES,2023-04-14,633.25,ACC:421,T:212
startNode,endNode,relationship,time,amount,from,to
ACC:422,T:227,MAKES,2022-08-25,2146.5,ACC:422,T:227
startNode,endNode,relationship,time,amount,from,to
ACC:423,T:35,MAKES,2022-11-28,1818.22,ACC:423,T:35
startNode,endNode,relationship,time,amount,from,to
ACC:424,T:520,MAKES,2023-10-08,4018.79,ACC:424,T:520
startNode,endNode,relationship,time,amount,from,to
ACC:425,T:460,MAKES,2022-12-11,881.58,ACC:425,T:460
startNode,endNode,relationship,time,amount,from,to
ACC:426,T:401,MAKES,2022-02-01,4209.63,ACC:426,T:401
startNode,endNode,relationship,time,amount,from,to
ACC:427,T:577,MAKES,2022-01-01,4562.59,ACC:427,T:577
startNode,endNode,relationship,time,amount,from,to
ACC:428,T:15,MAKES,2022-07-18,2222.21,ACC:428,T:15
startNode,endNode,relationship,time,amount,from,to
ACC:429,T:532,MAKES,2023-05-14,1581.96,ACC:429,T:532
startNode,endNode,relationship,time,amount,from,to
ACC:430,T:66,MAKES,2023-06-08,3809.31,ACC:430,T:66
startNode,endNode,relationship,time,amount,from,to
ACC:431,T:448,MAKES,2023-03-12,935.66,ACC:431,T:448
startNode,endNode,relationship,time,amount,from,to
ACC:432,T:585,MAKES,2023-02-16,1371.04,ACC:432,T:585
startNode,endNode,relationship,time,amount,from,to
ACC:433,T:70,MAKES,2022-10-20,2081.3,ACC:433,T:70
startNode,endNode,relationship,time,amount,from,to
ACC:434,T:534,MAKES,2023-09-18,4979.74,ACC:434,T:534
startNode,endNode,relationship,time,amount,from,to
ACC:435,T:227,MAKES,2022-01-18,2146.5,ACC:435,T:227
startNode,endNode,relationship,time,amount,from,to
ACC:436,T:358,MAKES,2022-02-24,3192.45,ACC:436,T:358
startNode,endNode,relationship,time,amount,from,to
ACC:437,T:228,MAKES,2023-08-22,915.74,ACC:437,T:228
startNode,endNode,relationship,time,amount,from,to
ACC:438,T:330,MAKES,2022-08-14,3596.3,ACC:438,T:330
startNode,endNode,relationship,time,amount,from,to
ACC:439,T:474,MAKES,2023-09-21,4359.0,ACC:439,T:474
startNode,endNode,relationship,time,amount,from,to
ACC:440,T:247,MAKES,2022-07-31,3550.92,ACC:440,T:247
startNode,endNode,relationship,time,amount,from,to
ACC:441,T:245,MAKES,2023-11-21,4718.48,ACC:441,T:245
startNode,endNode,relationship,time,amount,from,to
ACC:442,T:401,MAKES,2022-12-23,4209.63,ACC:442,T:401
startNode,endNode,relationship,time,amount,from,to
ACC:443,T:483,MAKES,2022-08-13,586.16,ACC:443,T:483
startNode,endNode,relationship,time,amount,from,to
ACC:444,T:349,MAKES,2022-03-30,716.55,ACC:444,T:349
startNode,endNode,relationship,time,amount,from,to
ACC:445,T:582,MAKES,2023-12-30,2703.13,ACC:445,T:582
startNode,endNode,relationship,time,amount,from,to
ACC:446,T:46,MAKES,2022-05-06,3384.24,ACC:446,T:46
startNode,endNode,relationship,time,amount,from,to
ACC:447,T:197,MAKES,2022-11-12,3509.43,ACC:447,T:197
startNode,endNode,relationship,time,amount,from,to
ACC:448,T:345,MAKES,2023-08-11,4079.53,ACC:448,T:345
startNode,endNode,relationship,time,amount,from,to
ACC:449,T:526,MAKES,2022-09-05,1617.77,ACC:449,T:526
startNode,endNode,relationship,time,amount,from,to
ACC:450,T:393,MAKES,2022-05-28,408.17,ACC:450,T:393
startNode,endNode,relationship,time,amount,from,to
ACC:451,T:270,MAKES,2023-08-14,4721.59,ACC:451,T:270
startNode,endNode,relationship,time,amount,from,to
ACC:452,T:259,MAKES,2023-11-22,3449.82,ACC:452,T:259
startNode,endNode,relationship,time,amount,from,to
ACC:453,T:519,MAKES,2023-08-25,4360.98,ACC:453,T:519
startNode,endNode,relationship,time,amount,from,to
ACC:454,T:267,MAKES,2023-08-14,4387.64,ACC:454,T:267
startNode,endNode,relationship,time,amount,from,to
ACC:455,T:385,MAKES,2023-08-02,4666.48,ACC:455,T:385
startNode,endNode,relationship,time,amount,from,to
ACC:456,T:346,MAKES,2023-10-13,4003.8,ACC:456,T:346
startNode,endNode,relationship,time,amount,from,to
ACC:457,T:216,MAKES,2022-03-31,1675.59,ACC:457,T:216
startNode,endNode,relationship,time,amount,from,to
ACC:458,T:252,MAKES,2022-01-15,2229.06,ACC:458,T:252
startNode,endNode,relationship,time,amount,from,to
ACC:459,T:348,MAKES,2023-05-08,731.7,ACC:459,T:348
startNode,endNode,relationship,time,amount,from,to
ACC:460,T:82,MAKES,2023-06-21,1673.46,ACC:460,T:82
startNode,endNode,relationship,time,amount,from,to
ACC:461,T:369,MAKES,2022-07-13,3395.63,ACC:461,T:369
startNode,endNode,relationship,time,amount,from,to
ACC:462,T:111,MAKES,2022-04-01,4164.43,ACC:462,T:111
startNode,endNode,relationship,time,amount,from,to
ACC:463,T:420,MAKES,2023-09-07,1314.02,ACC:463,T:420
startNode,endNode,relationship,time,amount,from,to
ACC:464,T:325,MAKES,2023-01-28,399.39,ACC:464,T:325
startNode,endNode,relationship,time,amount,from,to
ACC:465,T:219,MAKES,2023-07-13,1474.17,ACC:465,T:219
startNode,endNode,relationship,time,amount,from,to
ACC:466,T:250,MAKES,2023-04-25,2923.84,ACC:466,T:250
startNode,endNode,relationship,time,amount,from,to
ACC:467,T:94,MAKES,2022-03-28,4351.81,ACC:467,T:94
startNode,endNode,relationship,time,amount,from,to
ACC:468,T:74,MAKES,2022-04-06,4653.95,ACC:468,T:74
startNode,endNode,relationship,time,amount,from,to
ACC:469,T:357,MAKES,2022-02-27,1569.35,ACC:469,T:357
startNode,endNode,relationship,time,amount,from,to
ACC:470,T:471,MAKES,2023-02-04,1639.34,ACC:470,T:471
startNode,endNode,relationship,time,amount,from,to
ACC:471,T:483,MAKES,2023-03-30,586.16,ACC:471,T:483
startNode,endNode,relationship,time,amount,from,to
ACC:472,T:178,MAKES,2022-06-06,4284.58,ACC:472,T:178
startNode,endNode,relationship,time,amount,from,to
ACC:473,T:414,MAKES,2022-04-07,3395.9,ACC:473,T:414
startNode,endNode,relationship,time,amount,from,to
ACC:474,T:333,MAKES,2022-09-15,4352.79,ACC:474,T:333
startNode,endNode,relationship,time,amount,from,to
ACC:475,T:517,MAKES,2023-10-03,3550.08,ACC:475,T:517
startNode,endNode,relationship,time,amount,from,to
ACC:476,T:592,MAKES,2023-11-16,2009.92,ACC:476,T:592
startNode,endNode,relationship,time,amount,from,to
ACC:477,T:97,MAKES,2022-03-27,3948.44,ACC:477,T:97
startNode,endNode,relationship,time,amount,from,to
ACC:478,T:83,MAKES,2023-12-11,1633.38,ACC:478,T:83
startNode,endNode,relationship,time,amount,from,to
ACC:479,T:571,MAKES,2023-11-21,1651.29,ACC:479,T:571
startNode,endNode,relationship,time,amount,from,to
ACC:480,T:433,MAKES,2023-10-19,2795.1,ACC:480,T:433
startNode,endNode,relationship,time,amount,from,to
ACC:481,T:267,MAKES,2023-07-14,4387.64,ACC:481,T:267
startNode,endNode,relationship,time,amount,from,to
ACC:482,T:60,MAKES,2022-08-25,4588.62,ACC:482,T:60
startNode,endNode,relationship,time,amount,from,to
ACC:483,T:150,MAKES,2023-07-07,4348.16,ACC:483,T:150
startNode,endNode,relationship,time,amount,from,to
ACC:484,T:282,MAKES,2023-12-21,1663.47,ACC:484,T:282
startNode,endNode,relationship,time,amount,from,to
ACC:485,T:123,MAKES,2022-05-26,1108.56,ACC:485,T:123
startNode,endNode,relationship,time,amount,from,to
ACC:486,T:317,MAKES,2022-06-28,4206.59,ACC:486,T:317
startNode,endNode,relationship,time,amount,from,to
ACC:487,T:550,MAKES,2023-01-06,3032.43,ACC:487,T:550
startNode,endNode,relationship,time,amount,from,to
ACC:488,T:141,MAKES,2022-08-20,4164.14,ACC:488,T:141
startNode,endNode,relationship,time,amount,from,to
ACC:489,T:259,MAKES,2023-05-10,3449.82,ACC:489,T:259
startNode,endNode,relationship,time,amount,from,to
ACC:490,T:77,MAKES,2023-10-04,2188.75,ACC:490,T:77
startNode,endNode,relationship,time,amount,from,to
ACC:491,T:439,MAKES,2023-10-02,1346.67,ACC:491,T:439
startNode,endNode,relationship,time,amount,from,to
ACC:492,T:25,MAKES,2023-05-20,2522.7,ACC:492,T:25
startNode,endNode,relationship,time,amount,from,to
ACC:493,T:85,MAKES,2022-10-26,2488.94,ACC:493,T:85
startNode,endNode,relationship,time,amount,from,to
ACC:494,T:379,MAKES,2023-03-11,1623.52,ACC:494,T:379
startNode,endNode,relationship,time,amount,from,to
ACC:495,T:243,MAKES,2023-02-20,2070.97,ACC:495,T:243
startNode,endNode,relationship,time,amount,from,to
ACC:496,T:374,MAKES,2022-04-29,4092.21,ACC:496,T:374
startNode,endNode,relationship,time,amount,from,to
ACC:497,T:551,MAKES,2022-09-04,1032.74,ACC:497,T:551
startNode,endNode,relationship,time,amount,from,to
ACC:498,T:490,MAKES,2022-09-17,3656.93,ACC:498,T:490
startNode,endNode,relationship,time,amount,from,to
ACC:499,T:545,MAKES,2022-01-29,275.36,ACC:499,T:545
startNode,endNode,relationship,time,amount,from,to
ACC:500,T:572,MAKES,2022-10-12,3984.85,ACC:500,T:572
startNode,endNode,relationship,time,amount,from,to
ACC:501,T:216,MAKES,2022-01-27,1675.59,ACC:501,T:216
startNode,endNode,relationship,time,amount,from,to
ACC:502,T:60,MAKES,2022-02-09,4588.62,ACC:502,T:60
startNode,endNode,relationship,time,amount,from,to
ACC:503,T:539,MAKES,2022-10-17,1431.96,ACC:503,T:539
startNode,endNode,relationship,time,amount,from,to
ACC:504,T:517,MAKES,2022-07-14,3550.08,ACC:504,T:517
startNode,endNode,relationship,time,amount,from,to
ACC:505,T:298,MAKES,2022-04-07,2991.94,ACC:505,T:298
startNode,endNode,relationship,time,amount,from,to
ACC:506,T:338,MAKES,2023-07-11,810.18,ACC:506,T:338
startNode,endNode,relationship,time,amount,from,to
ACC:507,T:452,MAKES,2023-07-13,2678.28,ACC:507,T:452
startNode,endNode,relationship,time,amount,from,to
ACC:508,T:539,MAKES,2022-02-11,1431.96,ACC:508,T:539
startNode,endNode,relationship,time,amount,from,to
ACC:509,T:120,MAKES,2022-08-03,813.39,ACC:509,T:120
startNode,endNode,relationship,time,amount,from,to
ACC:510,T:155,MAKES,2023-01-23,1247.93,ACC:510,T:155
startNode,endNode,relationship,time,amount,from,to
ACC:511,T:122,MAKES,2022-08-18,2350.51,ACC:511,T:122
startNode,endNode,relationship,time,amount,from,to
ACC:512,T:499,MAKES,2023-06-12,198.49,ACC:512,T:499
startNode,endNode,relationship,time,amount,from,to
ACC:513,T:429,MAKES,2023-12-24,1030.77,ACC:513,T:429
startNode,endNode,relationship,time,amount,from,to
ACC:514,T:594,MAKES,2022-12-01,2094.65,ACC:514,T:594
startNode,endNode,relationship,time,amount,from,to
ACC:515,T:589,MAKES,2023-11-11,939.12,ACC:515,T:589
startNode,endNode,relationship,time,amount,from,to
ACC:516,T:333,MAKES,2023-02-17,4352.79,ACC:516,T:333
startNode,endNode,relationship,time,amount,from,to
ACC:517,T:422,MAKES,2022-08-25,474.94,ACC:517,T:422
startNode,endNode,relationship,time,amount,from,to
ACC:518,T:248,MAKES,2022-09-22,1483.66,ACC:518,T:248
startNode,endNode,relationship,time,amount,from,to
ACC:519,T:452,MAKES,2022-06-08,2678.28,ACC:519,T:452
startNode,endNode,relationship,time,amount,from,to
ACC:520,T:224,MAKES,2023-07-20,1960.3,ACC:520,T:224
startNode,endNode,relationship,time,amount,from,to
ACC:521,T:461,MAKES,2022-04-16,4385.15,ACC:521,T:461
startNode,endNode,relationship,time,amount,from,to
ACC:522,T:304,MAKES,2022-02-19,2613.22,ACC:522,T:304
startNode,endNode,relationship,time,amount,from,to
ACC:523,T:286,MAKES,2023-05-18,1792.04,ACC:523,T:286
startNode,endNode,relationship,time,amount,from,to
ACC:524,T:307,MAKES,2022-01-27,2951.77,ACC:524,T:307
startNode,endNode,relationship,time,amount,from,to
ACC:525,T:304,MAKES,2023-05-06,2613.22,ACC:525,T:304
startNode,endNode,relationship,time,amount,from,to
ACC:526,T:55,MAKES,2022-11-17,4375.41,ACC:526,T:55
startNode,endNode,relationship,time,amount,from,to
ACC:527,T:584,MAKES,2023-02-09,3210.65,ACC:527,T:584
startNode,endNode,relationship,time,amount,from,to
ACC:528,T:34,MAKES,2023-07-18,4268.7,ACC:528,T:34
startNode,endNode,relationship,time,amount,from,to
ACC:529,T:91,MAKES,2022-02-16,2785.64,ACC:529,T:91
startNode,endNode,relationship,time,amount,from,to
ACC:530,T:428,MAKES,2022-02-04,1190.41,ACC:530,T:428
startNode,endNode,relationship,time,amount,from,to
ACC:531,T:67,MAKES,2023-08-11,227.03,ACC:531,T:67
startNode,endNode,relationship,time,amount,from,to
ACC:532,T:63,MAKES,2023-10-26,1965.23,ACC:532,T:63
startNode,endNode,relationship,time,amount,from,to
ACC:533,T:273,MAKES,2023-09-30,4418.38,ACC:533,T:273
startNode,endNode,relationship,time,amount,from,to
ACC:534,T:318,MAKES,2022-06-17,554.27,ACC:534,T:318
startNode,endNode,relationship,time,amount,from,to
ACC:535,T:174,MAKES,2023-10-08,3814.93,ACC:535,T:174
startNode,endNode,relationship,time,amount,from,to
ACC:536,T:294,MAKES,2022-07-31,1551.54,ACC:536,T:294
startNode,endNode,relationship,time,amount,from,to
ACC:537,T:315,MAKES,2022-01-04,105.39,ACC:537,T:315
startNode,endNode,relationship,time,amount,from,to
ACC:538,T:21,MAKES,2023-01-08,1400.64,ACC:538,T:21
startNode,endNode,relationship,time,amount,from,to
ACC:539,T:16,MAKES,2022-04-27,1631.4,ACC:539,T:16
startNode,endNode,relationship,time,amount,from,to
ACC:540,T:189,MAKES,2023-08-15,3812.66,ACC:540,T:189
startNode,endNode,relationship,time,amount,from,to
ACC:541,T:43,MAKES,2022-05-13,4229.82,ACC:541,T:43
startNode,endNode,relationship,time,amount,from,to
ACC:542,T:422,MAKES,2023-04-01,474.94,ACC:542,T:422
startNode,endNode,relationship,time,amount,from,to
ACC:543,T:494,MAKES,2022-04-18,1945.22,ACC:543,T:494
startNode,endNode,relationship,time,amount,from,to
ACC:544,T:7,MAKES,2022-04-14,1388.67,ACC:544,T:7
startNode,endNode,relationship,time,amount,from,to
ACC:545,T:47,MAKES,2023-11-30,1118.59,ACC:545,T:47
startNode,endNode,relationship,time,amount,from,to
ACC:546,T:104,MAKES,2022-07-23,3084.09,ACC:546,T:104
startNode,endNode,relationship,time,amount,from,to
ACC:547,T:432,MAKES,2022-04-22,416.21,ACC:547,T:432
startNode,endNode,relationship,time,amount,from,to
ACC:548,T:93,MAKES,2023-03-19,943.82,ACC:548,T:93
startNode,endNode,relationship,time,amount,from,to
ACC:549,T:174,MAKES,2022-01-23,3814.93,ACC:549,T:174
startNode,endNode,relationship,time,amount,from,to
ACC:550,T:442,MAKES,2022-11-16,1279.05,ACC:550,T:442
startNode,endNode,relationship,time,amount,from,to
ACC:551,T:451,MAKES,2023-01-12,3695.91,ACC:551,T:451
startNode,endNode,relationship,time,amount,from,to
ACC:552,T:175,MAKES,2022-11-02,1048.09,ACC:552,T:175
startNode,endNode,relationship,time,amount,from,to
ACC:553,T:308,MAKES,2023-07-07,941.89,ACC:553,T:308
startNode,endNode,relationship,time,amount,from,to
ACC:554,T:569,MAKES,2022-07-07,3951.32,ACC:554,T:569
startNode,endNode,relationship,time,amount,from,to
ACC:555,T:301,MAKES,2023-08-02,2014.0,ACC:555,T:301
startNode,endNode,relationship,time,amount,from,to
ACC:556,T:49,MAKES,2023-01-18,4202.32,ACC:556,T:49
startNode,endNode,relationship,time,amount,from,to
ACC:557,T:563,MAKES,2022-05-25,2335.0,ACC:557,T:563
startNode,endNode,relationship,time,amount,from,to
ACC:558,T:227,MAKES,2022-10-08,2146.5,ACC:558,T:227
startNode,endNode,relationship,time,amount,from,to
ACC:559,T:52,MAKES,2022-05-07,2280.87,ACC:559,T:52
startNode,endNode,relationship,time,amount,from,to
ACC:560,T:152,MAKES,2023-12-13,2005.47,ACC:560,T:152
startNode,endNode,relationship,time,amount,from,to
ACC:561,T:195,MAKES,2022-07-04,1548.05,ACC:561,T:195
startNode,endNode,relationship,time,amount,from,to
ACC:562,T:252,MAKES,2023-09-01,2229.06,ACC:562,T:252
startNode,endNode,relationship,time,amount,from,to
ACC:563,T:561,MAKES,2022-05-02,3576.49,ACC:563,T:561
startNode,endNode,relationship,time,amount,from,to
ACC:564,T:433,MAKES,2022-10-31,2795.1,ACC:564,T:433
startNode,endNode,relationship,time,amount,from,to
ACC:565,T:36,MAKES,2023-01-27,535.9,ACC:565,T:36
startNode,endNode,relationship,time,amount,from,to
ACC:566,T:358,MAKES,2023-12-07,3192.45,ACC:566,T:358
startNode,endNode,relationship,time,amount,from,to
ACC:567,T:214,MAKES,2023-06-25,1794.33,ACC:567,T:214
startNode,endNode,relationship,time,amount,from,to
ACC:568,T:380,MAKES,2022-01-24,2671.47,ACC:568,T:380
startNode,endNode,relationship,time,amount,from,to
ACC:569,T:375,MAKES,2022-12-17,409.07,ACC:569,T:375
startNode,endNode,relationship,time,amount,from,to
ACC:570,T:496,MAKES,2022-11-24,1495.15,ACC:570,T:496
startNode,endNode,relationship,time,amount,from,to
ACC:571,T:38,MAKES,2023-11-07,4176.98,ACC:571,T:38
startNode,endNode,relationship,time,amount,from,to
ACC:572,T:581,MAKES,2023-08-05,603.92,ACC:572,T:581
startNode,endNode,relationship,time,amount,from,to
ACC:573,T:484,MAKES,2023-01-31,3831.17,ACC:573,T:484
startNode,endNode,relationship,time,amount,from,to
ACC:574,T:581,MAKES,2023-05-30,603.92,ACC:574,T:581
startNode,endNode,relationship,time,amount,from,to
ACC:575,T:449,MAKES,2023-03-12,132.81,ACC:575,T:449
startNode,endNode,relationship,time,amount,from,to
ACC:576,T:590,MAKES,2022-08-08,2054.12,ACC:576,T:590
startNode,endNode,relationship,time,amount,from,to
ACC:577,T:118,MAKES,2022-06-05,499.44,ACC:577,T:118
startNode,endNode,relationship,time,amount,from,to
ACC:578,T:522,MAKES,2023-11-08,3696.99,ACC:578,T:522
startNode,endNode,relationship,time,amount,from,to
ACC:579,T:584,MAKES,2022-11-04,3210.65,ACC:579,T:584
startNode,endNode,relationship,time,amount,from,to
ACC:580,T:381,MAKES,2023-09-07,783.53,ACC:580,T:381
startNode,endNode,relationship,time,amount,from,to
ACC:581,T:427,MAKES,2023-07-10,1394.54,ACC:581,T:427
startNode,endNode,relationship,time,amount,from,to
ACC:582,T:341,MAKES,2022-01-12,1715.95,ACC:582,T:341
startNode,endNode,relationship,time,amount,from,to
ACC:583,T:146,MAKES,2023-09-05,3361.77,ACC:583,T:146
startNode,endNode,relationship,time,amount,from,to
ACC:584,T:363,MAKES,2022-03-15,4700.29,ACC:584,T:363
startNode,endNode,relationship,time,amount,from,to
ACC:585,T:190,MAKES,2023-07-01,1916.32,ACC:585,T:190
startNode,endNode,relationship,time,amount,from,to
ACC:586,T:19,MAKES,2023-08-24,4724.78,ACC:586,T:19
startNode,endNode,relationship,time,amount,from,to
ACC:587,T:369,MAKES,2022-01-20,3395.63,ACC:587,T:369
startNode,endNode,relationship,time,amount,from,to
ACC:588,T:511,MAKES,2023-07-31,1488.1,ACC:588,T:511
startNode,endNode,relationship,time,amount,from,to
ACC:589,T:24,MAKES,2023-05-25,1683.52,ACC:589,T:24
startNode,endNode,relationship,time,amount,from,to
ACC:590,T:207,MAKES,2023-04-07,3890.6,ACC:590,T:207
startNode,endNode,relationship,time,amount,from,to
ACC:591,T:527,MAKES,2022-12-02,3566.71,ACC:591,T:527
startNode,endNode,relationship,time,amount,from,to
ACC:592,T:502,MAKES,2022-03-17,4764.55,ACC:592,T:502
startNode,endNode,relationship,time,amount,from,to
ACC:593,T:69,MAKES,2022-01-03,1837.23,ACC:593,T:69
startNode,endNode,relationship,time,amount,from,to
ACC:594,T:244,MAKES,2022-01-29,3774.26,ACC:594,T:244
startNode,endNode,relationship,time,amount,from,to
ACC:595,T:237,MAKES,2022-08-02,2965.32,ACC:595,T:237
startNode,endNode,relationship,time,amount,from,to
ACC:596,T:81,MAKES,2023-12-23,500.31,ACC:596,T:81
startNode,endNode,relationship,time,amount,from,to
ACC:597,T:449,MAKES,2023-01-27,132.81,ACC:597,T:449
startNode,endNode,relationship,time,amount,from,to
ACC:598,T:176,MAKES,2023-07-11,1419.37,ACC:598,T:176
startNode,endNode,relationship,time,amount,from,to
ACC:599,T:58,MAKES,2022-03-14,1641.73,ACC:599,T:58
startNode,endNode,relationship,time,amount,from,to
ACC:600,T:523,MAKES,2023-01-03,201.19,ACC:600,T:523
